gid,config
0,i_pvwatts_fixed
1,i_pvwatts_fixed
2,i_pvwatts_fixed
3,i_pvwatts_fixed
4,i_pvwatts_fixed
5,i_pvwatts_fixed
6,i_pvwatts_fixed
7,i_pvwatts_fixed
8,i_pvwatts_fixed
9,i_pvwatts_fixed
10,i_pvwatts_fixed
11,i_pvwatts_fixed
12,i_pvwatts_fixed
13,i_pvwatts_fixed
14,i_pvwatts_fixed
15,i_pvwatts_fixed
16,i_pvwatts_fixed
17,i_pvwatts_fixed
18,i_pvwatts_fixed
19,i_pvwatts_fixed
20,i_pvwatts_fixed
21,i_pvwatts_fixed
22,i_pvwatts_fixed
23,i_pvwatts_fixed
24,i_pvwatts_fixed
25,i_pvwatts_fixed
26,i_pvwatts_fixed
27,i_pvwatts_fixed
28,i_pvwatts_fixed
29,i_pvwatts_fixed
30,i_pvwatts_fixed
31,i_pvwatts_fixed
32,i_pvwatts_fixed
33,i_pvwatts_fixed
34,i_pvwatts_fixed
35,i_pvwatts_fixed
36,i_pvwatts_fixed
37,i_pvwatts_fixed
38,i_pvwatts_fixed
39,i_pvwatts_fixed
40,i_pvwatts_fixed
41,i_pvwatts_fixed
42,i_pvwatts_fixed
43,i_pvwatts_fixed
44,i_pvwatts_fixed
45,i_pvwatts_fixed
46,i_pvwatts_fixed
47,i_pvwatts_fixed
48,i_pvwatts_fixed
49,i_pvwatts_fixed
50,i_pvwatts_fixed
51,i_pvwatts_fixed
52,i_pvwatts_fixed
53,i_pvwatts_fixed
54,i_pvwatts_fixed
55,i_pvwatts_fixed
56,i_pvwatts_fixed
57,i_pvwatts_fixed
58,i_pvwatts_fixed
59,i_pvwatts_fixed
60,i_pvwatts_fixed
61,i_pvwatts_fixed
62,i_pvwatts_fixed
63,i_pvwatts_fixed
64,i_pvwatts_fixed
65,i_pvwatts_fixed
66,i_pvwatts_fixed
67,i_pvwatts_fixed
68,i_pvwatts_fixed
69,i_pvwatts_fixed
70,i_pvwatts_fixed
71,i_pvwatts_fixed
72,i_pvwatts_fixed
73,i_pvwatts_fixed
74,i_pvwatts_fixed
75,i_pvwatts_fixed
76,i_pvwatts_fixed
77,i_pvwatts_fixed
78,i_pvwatts_fixed
79,i_pvwatts_fixed
80,i_pvwatts_fixed
81,i_pvwatts_fixed
82,i_pvwatts_fixed
83,i_pvwatts_fixed
84,i_pvwatts_fixed
85,i_pvwatts_fixed
86,i_pvwatts_fixed
87,i_pvwatts_fixed
88,i_pvwatts_fixed
89,i_pvwatts_fixed
90,i_pvwatts_fixed
91,i_pvwatts_fixed
92,i_pvwatts_fixed
93,i_pvwatts_fixed
94,i_pvwatts_fixed
95,i_pvwatts_fixed
96,i_pvwatts_fixed
97,i_pvwatts_fixed
98,i_pvwatts_fixed
99,i_pvwatts_fixed
100,i_pvwatts_fixed
101,i_pvwatts_fixed
102,i_pvwatts_fixed
103,i_pvwatts_fixed
104,i_pvwatts_fixed
105,i_pvwatts_fixed
106,i_pvwatts_fixed
107,i_pvwatts_fixed
108,i_pvwatts_fixed
109,i_pvwatts_fixed
110,i_pvwatts_fixed
111,i_pvwatts_fixed
112,i_pvwatts_fixed
113,i_pvwatts_fixed
114,i_pvwatts_fixed
115,i_pvwatts_fixed
116,i_pvwatts_fixed
117,i_pvwatts_fixed
118,i_pvwatts_fixed
119,i_pvwatts_fixed
120,i_pvwatts_fixed
121,i_pvwatts_fixed
122,i_pvwatts_fixed
123,i_pvwatts_fixed
124,i_pvwatts_fixed
125,i_pvwatts_fixed
126,i_pvwatts_fixed
127,i_pvwatts_fixed
128,i_pvwatts_fixed
129,i_pvwatts_fixed
130,i_pvwatts_fixed
131,i_pvwatts_fixed
132,i_pvwatts_fixed
133,i_pvwatts_fixed
134,i_pvwatts_fixed
135,i_pvwatts_fixed
136,i_pvwatts_fixed
137,i_pvwatts_fixed
138,i_pvwatts_fixed
139,i_pvwatts_fixed
140,i_pvwatts_fixed
141,i_pvwatts_fixed
142,i_pvwatts_fixed
143,i_pvwatts_fixed
144,i_pvwatts_fixed
145,i_pvwatts_fixed
146,i_pvwatts_fixed
147,i_pvwatts_fixed
148,i_pvwatts_fixed
149,i_pvwatts_fixed
150,i_pvwatts_fixed
151,i_pvwatts_fixed
152,i_pvwatts_fixed
153,i_pvwatts_fixed
154,i_pvwatts_fixed
155,i_pvwatts_fixed
156,i_pvwatts_fixed
157,i_pvwatts_fixed
158,i_pvwatts_fixed
159,i_pvwatts_fixed
160,i_pvwatts_fixed
161,i_pvwatts_fixed
162,i_pvwatts_fixed
163,i_pvwatts_fixed
164,i_pvwatts_fixed
165,i_pvwatts_fixed
166,i_pvwatts_fixed
167,i_pvwatts_fixed
168,i_pvwatts_fixed
169,i_pvwatts_fixed
170,i_pvwatts_fixed
171,i_pvwatts_fixed
172,i_pvwatts_fixed
173,i_pvwatts_fixed
174,i_pvwatts_fixed
175,i_pvwatts_fixed
176,i_pvwatts_fixed
177,i_pvwatts_fixed
178,i_pvwatts_fixed
179,i_pvwatts_fixed
180,i_pvwatts_fixed
181,i_pvwatts_fixed
182,i_pvwatts_fixed
183,i_pvwatts_fixed
184,i_pvwatts_fixed
185,i_pvwatts_fixed
186,i_pvwatts_fixed
187,i_pvwatts_fixed
188,i_pvwatts_fixed
189,i_pvwatts_fixed
190,i_pvwatts_fixed
191,i_pvwatts_fixed
192,i_pvwatts_fixed
193,i_pvwatts_fixed
194,i_pvwatts_fixed
195,i_pvwatts_fixed
196,i_pvwatts_fixed
197,i_pvwatts_fixed
198,i_pvwatts_fixed
199,i_pvwatts_fixed
200,i_pvwatts_fixed
201,i_pvwatts_fixed
202,i_pvwatts_fixed
203,i_pvwatts_fixed
204,i_pvwatts_fixed
205,i_pvwatts_fixed
206,i_pvwatts_fixed
207,i_pvwatts_fixed
208,i_pvwatts_fixed
209,i_pvwatts_fixed
210,i_pvwatts_fixed
211,i_pvwatts_fixed
212,i_pvwatts_fixed
213,i_pvwatts_fixed
214,i_pvwatts_fixed
215,i_pvwatts_fixed
216,i_pvwatts_fixed
217,i_pvwatts_fixed
218,i_pvwatts_fixed
219,i_pvwatts_fixed
220,i_pvwatts_fixed
221,i_pvwatts_fixed
222,i_pvwatts_fixed
223,i_pvwatts_fixed
224,i_pvwatts_fixed
225,i_pvwatts_fixed
226,i_pvwatts_fixed
227,i_pvwatts_fixed
228,i_pvwatts_fixed
229,i_pvwatts_fixed
230,i_pvwatts_fixed
231,i_pvwatts_fixed
232,i_pvwatts_fixed
233,i_pvwatts_fixed
234,i_pvwatts_fixed
235,i_pvwatts_fixed
236,i_pvwatts_fixed
237,i_pvwatts_fixed
238,i_pvwatts_fixed
239,i_pvwatts_fixed
240,i_pvwatts_fixed
241,i_pvwatts_fixed
242,i_pvwatts_fixed
243,i_pvwatts_fixed
244,i_pvwatts_fixed
245,i_pvwatts_fixed
246,i_pvwatts_fixed
247,i_pvwatts_fixed
248,i_pvwatts_fixed
249,i_pvwatts_fixed
250,i_pvwatts_fixed
251,i_pvwatts_fixed
252,i_pvwatts_fixed
253,i_pvwatts_fixed
254,i_pvwatts_fixed
255,i_pvwatts_fixed
256,i_pvwatts_fixed
257,i_pvwatts_fixed
258,i_pvwatts_fixed
259,i_pvwatts_fixed
260,i_pvwatts_fixed
261,i_pvwatts_fixed
262,i_pvwatts_fixed
263,i_pvwatts_fixed
264,i_pvwatts_fixed
265,i_pvwatts_fixed
266,i_pvwatts_fixed
267,i_pvwatts_fixed
268,i_pvwatts_fixed
269,i_pvwatts_fixed
270,i_pvwatts_fixed
271,i_pvwatts_fixed
272,i_pvwatts_fixed
273,i_pvwatts_fixed
274,i_pvwatts_fixed
275,i_pvwatts_fixed
276,i_pvwatts_fixed
277,i_pvwatts_fixed
278,i_pvwatts_fixed
279,i_pvwatts_fixed
280,i_pvwatts_fixed
281,i_pvwatts_fixed
282,i_pvwatts_fixed
283,i_pvwatts_fixed
284,i_pvwatts_fixed
285,i_pvwatts_fixed
286,i_pvwatts_fixed
287,i_pvwatts_fixed
288,i_pvwatts_fixed
289,i_pvwatts_fixed
290,i_pvwatts_fixed
291,i_pvwatts_fixed
292,i_pvwatts_fixed
293,i_pvwatts_fixed
294,i_pvwatts_fixed
295,i_pvwatts_fixed
296,i_pvwatts_fixed
297,i_pvwatts_fixed
298,i_pvwatts_fixed
299,i_pvwatts_fixed
300,i_pvwatts_fixed
301,i_pvwatts_fixed
302,i_pvwatts_fixed
303,i_pvwatts_fixed
304,i_pvwatts_fixed
305,i_pvwatts_fixed
306,i_pvwatts_fixed
307,i_pvwatts_fixed
308,i_pvwatts_fixed
309,i_pvwatts_fixed
310,i_pvwatts_fixed
311,i_pvwatts_fixed
312,i_pvwatts_fixed
313,i_pvwatts_fixed
314,i_pvwatts_fixed
315,i_pvwatts_fixed
316,i_pvwatts_fixed
317,i_pvwatts_fixed
318,i_pvwatts_fixed
319,i_pvwatts_fixed
320,i_pvwatts_fixed
321,i_pvwatts_fixed
322,i_pvwatts_fixed
323,i_pvwatts_fixed
324,i_pvwatts_fixed
325,i_pvwatts_fixed
326,i_pvwatts_fixed
327,i_pvwatts_fixed
328,i_pvwatts_fixed
329,i_pvwatts_fixed
330,i_pvwatts_fixed
331,i_pvwatts_fixed
332,i_pvwatts_fixed
333,i_pvwatts_fixed
334,i_pvwatts_fixed
335,i_pvwatts_fixed
336,i_pvwatts_fixed
337,i_pvwatts_fixed
338,i_pvwatts_fixed
339,i_pvwatts_fixed
340,i_pvwatts_fixed
341,i_pvwatts_fixed
342,i_pvwatts_fixed
343,i_pvwatts_fixed
344,i_pvwatts_fixed
345,i_pvwatts_fixed
346,i_pvwatts_fixed
347,i_pvwatts_fixed
348,i_pvwatts_fixed
349,i_pvwatts_fixed
350,i_pvwatts_fixed
351,i_pvwatts_fixed
352,i_pvwatts_fixed
353,i_pvwatts_fixed
354,i_pvwatts_fixed
355,i_pvwatts_fixed
356,i_pvwatts_fixed
357,i_pvwatts_fixed
358,i_pvwatts_fixed
359,i_pvwatts_fixed
360,i_pvwatts_fixed
361,i_pvwatts_fixed
362,i_pvwatts_fixed
363,i_pvwatts_fixed
364,i_pvwatts_fixed
365,i_pvwatts_fixed
366,i_pvwatts_fixed
367,i_pvwatts_fixed
368,i_pvwatts_fixed
369,i_pvwatts_fixed
370,i_pvwatts_fixed
371,i_pvwatts_fixed
372,i_pvwatts_fixed
373,i_pvwatts_fixed
374,i_pvwatts_fixed
375,i_pvwatts_fixed
376,i_pvwatts_fixed
377,i_pvwatts_fixed
378,i_pvwatts_fixed
379,i_pvwatts_fixed
380,i_pvwatts_fixed
381,i_pvwatts_fixed
382,i_pvwatts_fixed
383,i_pvwatts_fixed
384,i_pvwatts_fixed
385,i_pvwatts_fixed
386,i_pvwatts_fixed
387,i_pvwatts_fixed
388,i_pvwatts_fixed
389,i_pvwatts_fixed
390,i_pvwatts_fixed
391,i_pvwatts_fixed
392,i_pvwatts_fixed
393,i_pvwatts_fixed
394,i_pvwatts_fixed
395,i_pvwatts_fixed
396,i_pvwatts_fixed
397,i_pvwatts_fixed
398,i_pvwatts_fixed
399,i_pvwatts_fixed
400,i_pvwatts_fixed
401,i_pvwatts_fixed
402,i_pvwatts_fixed
403,i_pvwatts_fixed
404,i_pvwatts_fixed
405,i_pvwatts_fixed
406,i_pvwatts_fixed
407,i_pvwatts_fixed
408,i_pvwatts_fixed
409,i_pvwatts_fixed
410,i_pvwatts_fixed
411,i_pvwatts_fixed
412,i_pvwatts_fixed
413,i_pvwatts_fixed
414,i_pvwatts_fixed
415,i_pvwatts_fixed
416,i_pvwatts_fixed
417,i_pvwatts_fixed
418,i_pvwatts_fixed
419,i_pvwatts_fixed
420,i_pvwatts_fixed
421,i_pvwatts_fixed
422,i_pvwatts_fixed
423,i_pvwatts_fixed
424,i_pvwatts_fixed
425,i_pvwatts_fixed
426,i_pvwatts_fixed
427,i_pvwatts_fixed
428,i_pvwatts_fixed
429,i_pvwatts_fixed
430,i_pvwatts_fixed
431,i_pvwatts_fixed
432,i_pvwatts_fixed
433,i_pvwatts_fixed
434,i_pvwatts_fixed
435,i_pvwatts_fixed
436,i_pvwatts_fixed
437,i_pvwatts_fixed
438,i_pvwatts_fixed
439,i_pvwatts_fixed
440,i_pvwatts_fixed
441,i_pvwatts_fixed
442,i_pvwatts_fixed
443,i_pvwatts_fixed
444,i_pvwatts_fixed
445,i_pvwatts_fixed
446,i_pvwatts_fixed
447,i_pvwatts_fixed
448,i_pvwatts_fixed
449,i_pvwatts_fixed
450,i_pvwatts_fixed
451,i_pvwatts_fixed
452,i_pvwatts_fixed
453,i_pvwatts_fixed
454,i_pvwatts_fixed
455,i_pvwatts_fixed
456,i_pvwatts_fixed
457,i_pvwatts_fixed
458,i_pvwatts_fixed
459,i_pvwatts_fixed
460,i_pvwatts_fixed
461,i_pvwatts_fixed
462,i_pvwatts_fixed
463,i_pvwatts_fixed
464,i_pvwatts_fixed
465,i_pvwatts_fixed
466,i_pvwatts_fixed
467,i_pvwatts_fixed
468,i_pvwatts_fixed
469,i_pvwatts_fixed
470,i_pvwatts_fixed
471,i_pvwatts_fixed
472,i_pvwatts_fixed
473,i_pvwatts_fixed
474,i_pvwatts_fixed
475,i_pvwatts_fixed
476,i_pvwatts_fixed
477,i_pvwatts_fixed
478,i_pvwatts_fixed
479,i_pvwatts_fixed
480,i_pvwatts_fixed
481,i_pvwatts_fixed
482,i_pvwatts_fixed
483,i_pvwatts_fixed
484,i_pvwatts_fixed
485,i_pvwatts_fixed
486,i_pvwatts_fixed
487,i_pvwatts_fixed
488,i_pvwatts_fixed
489,i_pvwatts_fixed
490,i_pvwatts_fixed
491,i_pvwatts_fixed
492,i_pvwatts_fixed
493,i_pvwatts_fixed
494,i_pvwatts_fixed
495,i_pvwatts_fixed
496,i_pvwatts_fixed
497,i_pvwatts_fixed
498,i_pvwatts_fixed
499,i_pvwatts_fixed
500,i_pvwatts_fixed
501,i_pvwatts_fixed
502,i_pvwatts_fixed
503,i_pvwatts_fixed
504,i_pvwatts_fixed
505,i_pvwatts_fixed
506,i_pvwatts_fixed
507,i_pvwatts_fixed
508,i_pvwatts_fixed
509,i_pvwatts_fixed
510,i_pvwatts_fixed
511,i_pvwatts_fixed
512,i_pvwatts_fixed
513,i_pvwatts_fixed
514,i_pvwatts_fixed
515,i_pvwatts_fixed
516,i_pvwatts_fixed
517,i_pvwatts_fixed
518,i_pvwatts_fixed
519,i_pvwatts_fixed
520,i_pvwatts_fixed
521,i_pvwatts_fixed
522,i_pvwatts_fixed
523,i_pvwatts_fixed
524,i_pvwatts_fixed
525,i_pvwatts_fixed
526,i_pvwatts_fixed
527,i_pvwatts_fixed
528,i_pvwatts_fixed
529,i_pvwatts_fixed
530,i_pvwatts_fixed
531,i_pvwatts_fixed
532,i_pvwatts_fixed
533,i_pvwatts_fixed
534,i_pvwatts_fixed
535,i_pvwatts_fixed
536,i_pvwatts_fixed
537,i_pvwatts_fixed
538,i_pvwatts_fixed
539,i_pvwatts_fixed
540,i_pvwatts_fixed
541,i_pvwatts_fixed
542,i_pvwatts_fixed
543,i_pvwatts_fixed
544,i_pvwatts_fixed
545,i_pvwatts_fixed
546,i_pvwatts_fixed
547,i_pvwatts_fixed
548,i_pvwatts_fixed
549,i_pvwatts_fixed
550,i_pvwatts_fixed
551,i_pvwatts_fixed
552,i_pvwatts_fixed
553,i_pvwatts_fixed
554,i_pvwatts_fixed
555,i_pvwatts_fixed
556,i_pvwatts_fixed
557,i_pvwatts_fixed
558,i_pvwatts_fixed
559,i_pvwatts_fixed
560,i_pvwatts_fixed
561,i_pvwatts_fixed
562,i_pvwatts_fixed
563,i_pvwatts_fixed
564,i_pvwatts_fixed
565,i_pvwatts_fixed
566,i_pvwatts_fixed
567,i_pvwatts_fixed
568,i_pvwatts_fixed
569,i_pvwatts_fixed
570,i_pvwatts_fixed
571,i_pvwatts_fixed
572,i_pvwatts_fixed
573,i_pvwatts_fixed
574,i_pvwatts_fixed
575,i_pvwatts_fixed
576,i_pvwatts_fixed
577,i_pvwatts_fixed
578,i_pvwatts_fixed
579,i_pvwatts_fixed
580,i_pvwatts_fixed
581,i_pvwatts_fixed
582,i_pvwatts_fixed
583,i_pvwatts_fixed
584,i_pvwatts_fixed
585,i_pvwatts_fixed
586,i_pvwatts_fixed
587,i_pvwatts_fixed
588,i_pvwatts_fixed
589,i_pvwatts_fixed
590,i_pvwatts_fixed
591,i_pvwatts_fixed
592,i_pvwatts_fixed
593,i_pvwatts_fixed
594,i_pvwatts_fixed
595,i_pvwatts_fixed
596,i_pvwatts_fixed
597,i_pvwatts_fixed
598,i_pvwatts_fixed
599,i_pvwatts_fixed
600,i_pvwatts_fixed
601,i_pvwatts_fixed
602,i_pvwatts_fixed
603,i_pvwatts_fixed
604,i_pvwatts_fixed
605,i_pvwatts_fixed
606,i_pvwatts_fixed
607,i_pvwatts_fixed
608,i_pvwatts_fixed
609,i_pvwatts_fixed
610,i_pvwatts_fixed
611,i_pvwatts_fixed
612,i_pvwatts_fixed
613,i_pvwatts_fixed
614,i_pvwatts_fixed
615,i_pvwatts_fixed
616,i_pvwatts_fixed
617,i_pvwatts_fixed
618,i_pvwatts_fixed
619,i_pvwatts_fixed
620,i_pvwatts_fixed
621,i_pvwatts_fixed
622,i_pvwatts_fixed
623,i_pvwatts_fixed
624,i_pvwatts_fixed
625,i_pvwatts_fixed
626,i_pvwatts_fixed
627,i_pvwatts_fixed
628,i_pvwatts_fixed
629,i_pvwatts_fixed
630,i_pvwatts_fixed
631,i_pvwatts_fixed
632,i_pvwatts_fixed
633,i_pvwatts_fixed
634,i_pvwatts_fixed
635,i_pvwatts_fixed
636,i_pvwatts_fixed
637,i_pvwatts_fixed
638,i_pvwatts_fixed
639,i_pvwatts_fixed
640,i_pvwatts_fixed
641,i_pvwatts_fixed
642,i_pvwatts_fixed
643,i_pvwatts_fixed
644,i_pvwatts_fixed
645,i_pvwatts_fixed
646,i_pvwatts_fixed
647,i_pvwatts_fixed
648,i_pvwatts_fixed
649,i_pvwatts_fixed
650,i_pvwatts_fixed
651,i_pvwatts_fixed
652,i_pvwatts_fixed
653,i_pvwatts_fixed
654,i_pvwatts_fixed
655,i_pvwatts_fixed
656,i_pvwatts_fixed
657,i_pvwatts_fixed
658,i_pvwatts_fixed
659,i_pvwatts_fixed
660,i_pvwatts_fixed
661,i_pvwatts_fixed
662,i_pvwatts_fixed
663,i_pvwatts_fixed
664,i_pvwatts_fixed
665,i_pvwatts_fixed
666,i_pvwatts_fixed
667,i_pvwatts_fixed
668,i_pvwatts_fixed
669,i_pvwatts_fixed
670,i_pvwatts_fixed
671,i_pvwatts_fixed
672,i_pvwatts_fixed
673,i_pvwatts_fixed
674,i_pvwatts_fixed
675,i_pvwatts_fixed
676,i_pvwatts_fixed
677,i_pvwatts_fixed
678,i_pvwatts_fixed
679,i_pvwatts_fixed
680,i_pvwatts_fixed
681,i_pvwatts_fixed
682,i_pvwatts_fixed
683,i_pvwatts_fixed
684,i_pvwatts_fixed
685,i_pvwatts_fixed
686,i_pvwatts_fixed
687,i_pvwatts_fixed
688,i_pvwatts_fixed
689,i_pvwatts_fixed
690,i_pvwatts_fixed
691,i_pvwatts_fixed
692,i_pvwatts_fixed
693,i_pvwatts_fixed
694,i_pvwatts_fixed
695,i_pvwatts_fixed
696,i_pvwatts_fixed
697,i_pvwatts_fixed
698,i_pvwatts_fixed
699,i_pvwatts_fixed
700,i_pvwatts_fixed
701,i_pvwatts_fixed
702,i_pvwatts_fixed
703,i_pvwatts_fixed
704,i_pvwatts_fixed
705,i_pvwatts_fixed
706,i_pvwatts_fixed
707,i_pvwatts_fixed
708,i_pvwatts_fixed
709,i_pvwatts_fixed
710,i_pvwatts_fixed
711,i_pvwatts_fixed
712,i_pvwatts_fixed
713,i_pvwatts_fixed
714,i_pvwatts_fixed
715,i_pvwatts_fixed
716,i_pvwatts_fixed
717,i_pvwatts_fixed
718,i_pvwatts_fixed
719,i_pvwatts_fixed
720,i_pvwatts_fixed
721,i_pvwatts_fixed
722,i_pvwatts_fixed
723,i_pvwatts_fixed
724,i_pvwatts_fixed
725,i_pvwatts_fixed
726,i_pvwatts_fixed
727,i_pvwatts_fixed
728,i_pvwatts_fixed
729,i_pvwatts_fixed
730,i_pvwatts_fixed
731,i_pvwatts_fixed
732,i_pvwatts_fixed
733,i_pvwatts_fixed
734,i_pvwatts_fixed
735,i_pvwatts_fixed
736,i_pvwatts_fixed
737,i_pvwatts_fixed
738,i_pvwatts_fixed
739,i_pvwatts_fixed
740,i_pvwatts_fixed
741,i_pvwatts_fixed
742,i_pvwatts_fixed
743,i_pvwatts_fixed
744,i_pvwatts_fixed
745,i_pvwatts_fixed
746,i_pvwatts_fixed
747,i_pvwatts_fixed
748,i_pvwatts_fixed
749,i_pvwatts_fixed
750,i_pvwatts_fixed
751,i_pvwatts_fixed
752,i_pvwatts_fixed
753,i_pvwatts_fixed
754,i_pvwatts_fixed
755,i_pvwatts_fixed
756,i_pvwatts_fixed
757,i_pvwatts_fixed
758,i_pvwatts_fixed
759,i_pvwatts_fixed
760,i_pvwatts_fixed
761,i_pvwatts_fixed
762,i_pvwatts_fixed
763,i_pvwatts_fixed
764,i_pvwatts_fixed
765,i_pvwatts_fixed
766,i_pvwatts_fixed
767,i_pvwatts_fixed
768,i_pvwatts_fixed
769,i_pvwatts_fixed
770,i_pvwatts_fixed
771,i_pvwatts_fixed
772,i_pvwatts_fixed
773,i_pvwatts_fixed
774,i_pvwatts_fixed
775,i_pvwatts_fixed
776,i_pvwatts_fixed
777,i_pvwatts_fixed
778,i_pvwatts_fixed
779,i_pvwatts_fixed
780,i_pvwatts_fixed
781,i_pvwatts_fixed
782,i_pvwatts_fixed
783,i_pvwatts_fixed
784,i_pvwatts_fixed
785,i_pvwatts_fixed
786,i_pvwatts_fixed
787,i_pvwatts_fixed
788,i_pvwatts_fixed
789,i_pvwatts_fixed
790,i_pvwatts_fixed
791,i_pvwatts_fixed
792,i_pvwatts_fixed
793,i_pvwatts_fixed
794,i_pvwatts_fixed
795,i_pvwatts_fixed
796,i_pvwatts_fixed
797,i_pvwatts_fixed
798,i_pvwatts_fixed
799,i_pvwatts_fixed
800,i_pvwatts_fixed
801,i_pvwatts_fixed
802,i_pvwatts_fixed
803,i_pvwatts_fixed
804,i_pvwatts_fixed
805,i_pvwatts_fixed
806,i_pvwatts_fixed
807,i_pvwatts_fixed
808,i_pvwatts_fixed
809,i_pvwatts_fixed
810,i_pvwatts_fixed
811,i_pvwatts_fixed
812,i_pvwatts_fixed
813,i_pvwatts_fixed
814,i_pvwatts_fixed
815,i_pvwatts_fixed
816,i_pvwatts_fixed
817,i_pvwatts_fixed
818,i_pvwatts_fixed
819,i_pvwatts_fixed
820,i_pvwatts_fixed
821,i_pvwatts_fixed
822,i_pvwatts_fixed
823,i_pvwatts_fixed
824,i_pvwatts_fixed
825,i_pvwatts_fixed
826,i_pvwatts_fixed
827,i_pvwatts_fixed
828,i_pvwatts_fixed
829,i_pvwatts_fixed
830,i_pvwatts_fixed
831,i_pvwatts_fixed
832,i_pvwatts_fixed
833,i_pvwatts_fixed
834,i_pvwatts_fixed
835,i_pvwatts_fixed
836,i_pvwatts_fixed
837,i_pvwatts_fixed
838,i_pvwatts_fixed
839,i_pvwatts_fixed
840,i_pvwatts_fixed
841,i_pvwatts_fixed
842,i_pvwatts_fixed
843,i_pvwatts_fixed
844,i_pvwatts_fixed
845,i_pvwatts_fixed
846,i_pvwatts_fixed
847,i_pvwatts_fixed
848,i_pvwatts_fixed
849,i_pvwatts_fixed
850,i_pvwatts_fixed
851,i_pvwatts_fixed
852,i_pvwatts_fixed
853,i_pvwatts_fixed
854,i_pvwatts_fixed
855,i_pvwatts_fixed
856,i_pvwatts_fixed
857,i_pvwatts_fixed
858,i_pvwatts_fixed
859,i_pvwatts_fixed
860,i_pvwatts_fixed
861,i_pvwatts_fixed
862,i_pvwatts_fixed
863,i_pvwatts_fixed
864,i_pvwatts_fixed
865,i_pvwatts_fixed
866,i_pvwatts_fixed
867,i_pvwatts_fixed
868,i_pvwatts_fixed
869,i_pvwatts_fixed
870,i_pvwatts_fixed
871,i_pvwatts_fixed
872,i_pvwatts_fixed
873,i_pvwatts_fixed
874,i_pvwatts_fixed
875,i_pvwatts_fixed
876,i_pvwatts_fixed
877,i_pvwatts_fixed
878,i_pvwatts_fixed
879,i_pvwatts_fixed
880,i_pvwatts_fixed
881,i_pvwatts_fixed
882,i_pvwatts_fixed
883,i_pvwatts_fixed
884,i_pvwatts_fixed
885,i_pvwatts_fixed
886,i_pvwatts_fixed
887,i_pvwatts_fixed
888,i_pvwatts_fixed
889,i_pvwatts_fixed
890,i_pvwatts_fixed
891,i_pvwatts_fixed
892,i_pvwatts_fixed
893,i_pvwatts_fixed
894,i_pvwatts_fixed
895,i_pvwatts_fixed
896,i_pvwatts_fixed
897,i_pvwatts_fixed
898,i_pvwatts_fixed
899,i_pvwatts_fixed
900,i_pvwatts_fixed
901,i_pvwatts_fixed
902,i_pvwatts_fixed
903,i_pvwatts_fixed
904,i_pvwatts_fixed
905,i_pvwatts_fixed
906,i_pvwatts_fixed
907,i_pvwatts_fixed
908,i_pvwatts_fixed
909,i_pvwatts_fixed
910,i_pvwatts_fixed
911,i_pvwatts_fixed
912,i_pvwatts_fixed
913,i_pvwatts_fixed
914,i_pvwatts_fixed
915,i_pvwatts_fixed
916,i_pvwatts_fixed
917,i_pvwatts_fixed
918,i_pvwatts_fixed
919,i_pvwatts_fixed
920,i_pvwatts_fixed
921,i_pvwatts_fixed
922,i_pvwatts_fixed
923,i_pvwatts_fixed
924,i_pvwatts_fixed
925,i_pvwatts_fixed
926,i_pvwatts_fixed
927,i_pvwatts_fixed
928,i_pvwatts_fixed
929,i_pvwatts_fixed
930,i_pvwatts_fixed
931,i_pvwatts_fixed
932,i_pvwatts_fixed
933,i_pvwatts_fixed
934,i_pvwatts_fixed
935,i_pvwatts_fixed
936,i_pvwatts_fixed
937,i_pvwatts_fixed
938,i_pvwatts_fixed
939,i_pvwatts_fixed
940,i_pvwatts_fixed
941,i_pvwatts_fixed
942,i_pvwatts_fixed
943,i_pvwatts_fixed
944,i_pvwatts_fixed
945,i_pvwatts_fixed
946,i_pvwatts_fixed
947,i_pvwatts_fixed
948,i_pvwatts_fixed
949,i_pvwatts_fixed
950,i_pvwatts_fixed
951,i_pvwatts_fixed
952,i_pvwatts_fixed
953,i_pvwatts_fixed
954,i_pvwatts_fixed
955,i_pvwatts_fixed
956,i_pvwatts_fixed
957,i_pvwatts_fixed
958,i_pvwatts_fixed
959,i_pvwatts_fixed
960,i_pvwatts_fixed
961,i_pvwatts_fixed
962,i_pvwatts_fixed
963,i_pvwatts_fixed
964,i_pvwatts_fixed
965,i_pvwatts_fixed
966,i_pvwatts_fixed
967,i_pvwatts_fixed
968,i_pvwatts_fixed
969,i_pvwatts_fixed
970,i_pvwatts_fixed
971,i_pvwatts_fixed
972,i_pvwatts_fixed
973,i_pvwatts_fixed
974,i_pvwatts_fixed
975,i_pvwatts_fixed
976,i_pvwatts_fixed
977,i_pvwatts_fixed
978,i_pvwatts_fixed
979,i_pvwatts_fixed
980,i_pvwatts_fixed
981,i_pvwatts_fixed
982,i_pvwatts_fixed
983,i_pvwatts_fixed
984,i_pvwatts_fixed
985,i_pvwatts_fixed
986,i_pvwatts_fixed
987,i_pvwatts_fixed
988,i_pvwatts_fixed
989,i_pvwatts_fixed
990,i_pvwatts_fixed
991,i_pvwatts_fixed
992,i_pvwatts_fixed
993,i_pvwatts_fixed
994,i_pvwatts_fixed
995,i_pvwatts_fixed
996,i_pvwatts_fixed
997,i_pvwatts_fixed
998,i_pvwatts_fixed
999,i_pvwatts_fixed
